"title","series_or_category","discworld_publication_order","credited_author_or_collaborators","official_catalogue_url","bookshop_uk_search_url","edition_isbn","availability_status","catalogue_scope_note","audible_uk_url","audible_narrators","audible_link_status"
"The Colour of Magic","Discworld","1","Terry Pratchett","https://www.terrypratchettbooks.com/book-series/discworld/","https://uk.bookshop.org/beta-search?keywords=The%20Colour%20of%20Magic%20Terry%20Pratchett","","not individually checked","41-novel official Discworld publication-order list","https://www.audible.co.uk/pd/The-Colour-of-Magic-Audiobook/B09LZ1X1RK","Colin Morgan; Peter Serafinowicz; Bill Nighy","individual UK edition checked 2026-09-28"
"The Light Fantastic","Discworld","2","Terry Pratchett","https://www.terrypratchettbooks.com/book-series/discworld/","https://uk.bookshop.org/beta-search?keywords=The%20Light%20Fantastic%20Terry%20Pratchett","","not individually checked","41-novel official Discworld publication-order list","","","individual UK edition not checked; no audio destination provided"
"Equal Rites","Discworld","3","Terry Pratchett","https://www.terrypratchettbooks.com/book-series/discworld/","https://uk.bookshop.org/beta-search?keywords=Equal%20Rites%20Terry%20Pratchett","","not individually checked","41-novel official Discworld publication-order list","","","individual UK edition not checked; no audio destination provided"
"Mort","Discworld","4","Terry Pratchett","https://www.terrypratchettbooks.com/book-series/discworld/","https://uk.bookshop.org/beta-search?keywords=Mort%20Terry%20Pratchett","","not individually checked","41-novel official Discworld publication-order list","https://www.audible.co.uk/pd/Mort-Audiobook/B09LZ5JWV7","Sian Clifford; Peter Serafinowicz; Bill Nighy","individual UK edition checked 2026-09-28"
"Sourcery","Discworld","5","Terry Pratchett","https://www.terrypratchettbooks.com/book-series/discworld/","https://uk.bookshop.org/beta-search?keywords=Sourcery%20Terry%20Pratchett","","not individually checked","41-novel official Discworld publication-order list","","","individual UK edition not checked; no audio destination provided"
"Wyrd Sisters","Discworld","6","Terry Pratchett","https://www.terrypratchettbooks.com/book-series/discworld/","https://uk.bookshop.org/beta-search?keywords=Wyrd%20Sisters%20Terry%20Pratchett","","not individually checked","41-novel official Discworld publication-order list","https://www.audible.co.uk/pd/Wyrd-Sisters-Audiobook/B09LZ19TCV","Indira Varma; Peter Serafinowicz; Bill Nighy","individual UK edition checked 2026-09-28"
"Pyramids","Discworld","7","Terry Pratchett","https://www.terrypratchettbooks.com/book-series/discworld/","https://uk.bookshop.org/beta-search?keywords=Pyramids%20Terry%20Pratchett","","not individually checked","41-novel official Discworld publication-order list","","","individual UK edition not checked; no audio destination provided"
"Guards! Guards!","Discworld","8","Terry Pratchett","https://www.terrypratchettbooks.com/book-series/discworld/","https://uk.bookshop.org/beta-search?keywords=Guards!%20Guards!%20Terry%20Pratchett","","not individually checked","41-novel official Discworld publication-order list","https://www.audible.co.uk/pd/Guards-Guards-Audiobook/B09M8W9JY5","Jon Culshaw; Peter Serafinowicz; Bill Nighy; Ben Aaronovitch (introduction)","individual UK edition checked 2026-09-28"
"Eric","Discworld","9","Terry Pratchett","https://www.terrypratchettbooks.com/book-series/discworld/","https://uk.bookshop.org/beta-search?keywords=Eric%20Terry%20Pratchett","","not individually checked","41-novel official Discworld publication-order list","","","individual UK edition not checked; no audio destination provided"
"Moving Pictures","Discworld","10","Terry Pratchett","https://www.terrypratchettbooks.com/book-series/discworld/","https://uk.bookshop.org/beta-search?keywords=Moving%20Pictures%20Terry%20Pratchett","","not individually checked","41-novel official Discworld publication-order list","","","individual UK edition not checked; no audio destination provided"
"Reaper Man","Discworld","11","Terry Pratchett","https://www.terrypratchettbooks.com/book-series/discworld/","https://uk.bookshop.org/beta-search?keywords=Reaper%20Man%20Terry%20Pratchett","","not individually checked","41-novel official Discworld publication-order list","","","individual UK edition not checked; no audio destination provided"
"Witches Abroad","Discworld","12","Terry Pratchett","https://www.terrypratchettbooks.com/book-series/discworld/","https://uk.bookshop.org/beta-search?keywords=Witches%20Abroad%20Terry%20Pratchett","","not individually checked","41-novel official Discworld publication-order list","","","individual UK edition not checked; no audio destination provided"
"Small Gods","Discworld","13","Terry Pratchett","https://www.terrypratchettbooks.com/book-series/discworld/","https://uk.bookshop.org/beta-search?keywords=Small%20Gods%20Terry%20Pratchett","","not individually checked","41-novel official Discworld publication-order list","https://www.audible.co.uk/pd/Small-Gods-Audiobook/B09LZ4LZ1X","Andy Serkis; Bill Nighy; Peter Serafinowicz","individual UK edition checked 2026-09-28"
"Lords and Ladies","Discworld","14","Terry Pratchett","https://www.terrypratchettbooks.com/book-series/discworld/","https://uk.bookshop.org/beta-search?keywords=Lords%20and%20Ladies%20Terry%20Pratchett","","not individually checked","41-novel official Discworld publication-order list","","","individual UK edition not checked; no audio destination provided"
"Men at Arms","Discworld","15","Terry Pratchett","https://www.terrypratchettbooks.com/book-series/discworld/","https://uk.bookshop.org/beta-search?keywords=Men%20at%20Arms%20Terry%20Pratchett","","not individually checked","41-novel official Discworld publication-order list","","","individual UK edition not checked; no audio destination provided"
"Soul Music","Discworld","16","Terry Pratchett","https://www.terrypratchettbooks.com/book-series/discworld/","https://uk.bookshop.org/beta-search?keywords=Soul%20Music%20Terry%20Pratchett","","not individually checked","41-novel official Discworld publication-order list","","","individual UK edition not checked; no audio destination provided"
"Interesting Times","Discworld","17","Terry Pratchett","https://www.terrypratchettbooks.com/book-series/discworld/","https://uk.bookshop.org/beta-search?keywords=Interesting%20Times%20Terry%20Pratchett","","not individually checked","41-novel official Discworld publication-order list","","","individual UK edition not checked; no audio destination provided"
"Maskerade","Discworld","18","Terry Pratchett","https://www.terrypratchettbooks.com/book-series/discworld/","https://uk.bookshop.org/beta-search?keywords=Maskerade%20Terry%20Pratchett","","not individually checked","41-novel official Discworld publication-order list","","","individual UK edition not checked; no audio destination provided"
"Feet of Clay","Discworld","19","Terry Pratchett","https://www.terrypratchettbooks.com/book-series/discworld/","https://uk.bookshop.org/beta-search?keywords=Feet%20of%20Clay%20Terry%20Pratchett","","not individually checked","41-novel official Discworld publication-order list","","","individual UK edition not checked; no audio destination provided"
"Hogfather","Discworld","20","Terry Pratchett","https://www.terrypratchettbooks.com/book-series/discworld/","https://uk.bookshop.org/beta-search?keywords=Hogfather%20Terry%20Pratchett","","not individually checked","41-novel official Discworld publication-order list","","","individual UK edition not checked; no audio destination provided"
"Jingo","Discworld","21","Terry Pratchett","https://www.terrypratchettbooks.com/book-series/discworld/","https://uk.bookshop.org/beta-search?keywords=Jingo%20Terry%20Pratchett","","not individually checked","41-novel official Discworld publication-order list","","","individual UK edition not checked; no audio destination provided"
"The Last Continent","Discworld","22","Terry Pratchett","https://www.terrypratchettbooks.com/book-series/discworld/","https://uk.bookshop.org/beta-search?keywords=The%20Last%20Continent%20Terry%20Pratchett","","not individually checked","41-novel official Discworld publication-order list","","","individual UK edition not checked; no audio destination provided"
"Carpe Jugulum","Discworld","23","Terry Pratchett","https://www.terrypratchettbooks.com/book-series/discworld/","https://uk.bookshop.org/beta-search?keywords=Carpe%20Jugulum%20Terry%20Pratchett","","not individually checked","41-novel official Discworld publication-order list","","","individual UK edition not checked; no audio destination provided"
"The Fifth Elephant","Discworld","24","Terry Pratchett","https://www.terrypratchettbooks.com/book-series/discworld/","https://uk.bookshop.org/beta-search?keywords=The%20Fifth%20Elephant%20Terry%20Pratchett","","not individually checked","41-novel official Discworld publication-order list","","","individual UK edition not checked; no audio destination provided"
"The Truth","Discworld","25","Terry Pratchett","https://www.terrypratchettbooks.com/book-series/discworld/","https://uk.bookshop.org/beta-search?keywords=The%20Truth%20Terry%20Pratchett","","not individually checked","41-novel official Discworld publication-order list","","","individual UK edition not checked; no audio destination provided"
"Thief of Time","Discworld","26","Terry Pratchett","https://www.terrypratchettbooks.com/book-series/discworld/","https://uk.bookshop.org/beta-search?keywords=Thief%20of%20Time%20Terry%20Pratchett","","not individually checked","41-novel official Discworld publication-order list","","","individual UK edition not checked; no audio destination provided"
"The Last Hero","Discworld","27","Terry Pratchett","https://www.terrypratchettbooks.com/book-series/discworld/","https://uk.bookshop.org/beta-search?keywords=The%20Last%20Hero%20Terry%20Pratchett","","not individually checked","41-novel official Discworld publication-order list","","","individual UK edition not checked; no audio destination provided"
"The Amazing Maurice and His Educated Rodents","Discworld","28","Terry Pratchett","https://www.terrypratchettbooks.com/book-series/discworld/","https://uk.bookshop.org/beta-search?keywords=The%20Amazing%20Maurice%20and%20His%20Educated%20Rodents%20Terry%20Pratchett","","not individually checked","41-novel official Discworld publication-order list","","","individual UK edition not checked; no audio destination provided"
"Night Watch","Discworld","29","Terry Pratchett","https://www.terrypratchettbooks.com/book-series/discworld/","https://uk.bookshop.org/beta-search?keywords=Night%20Watch%20Terry%20Pratchett","","not individually checked","41-novel official Discworld publication-order list","","","individual UK edition not checked; no audio destination provided"
"The Wee Free Men","Discworld","30","Terry Pratchett","https://www.terrypratchettbooks.com/book-series/discworld/","https://uk.bookshop.org/beta-search?keywords=The%20Wee%20Free%20Men%20Terry%20Pratchett","","not individually checked","41-novel official Discworld publication-order list","","","individual UK edition not checked; no audio destination provided"
"Monstrous Regiment","Discworld","31","Terry Pratchett","https://www.terrypratchettbooks.com/book-series/discworld/","https://uk.bookshop.org/beta-search?keywords=Monstrous%20Regiment%20Terry%20Pratchett","","not individually checked","41-novel official Discworld publication-order list","","","individual UK edition not checked; no audio destination provided"
"A Hat Full of Sky","Discworld","32","Terry Pratchett","https://www.terrypratchettbooks.com/book-series/discworld/","https://uk.bookshop.org/beta-search?keywords=A%20Hat%20Full%20of%20Sky%20Terry%20Pratchett","","not individually checked","41-novel official Discworld publication-order list","","","individual UK edition not checked; no audio destination provided"
"Going Postal","Discworld","33","Terry Pratchett","https://www.terrypratchettbooks.com/book-series/discworld/","https://uk.bookshop.org/beta-search?keywords=Going%20Postal%20Terry%20Pratchett","","not individually checked","41-novel official Discworld publication-order list","","","individual UK edition not checked; no audio destination provided"
"Thud!","Discworld","34","Terry Pratchett","https://www.terrypratchettbooks.com/book-series/discworld/","https://uk.bookshop.org/beta-search?keywords=Thud!%20Terry%20Pratchett","","not individually checked","41-novel official Discworld publication-order list","","","individual UK edition not checked; no audio destination provided"
"Wintersmith","Discworld","35","Terry Pratchett","https://www.terrypratchettbooks.com/book-series/discworld/","https://uk.bookshop.org/beta-search?keywords=Wintersmith%20Terry%20Pratchett","","not individually checked","41-novel official Discworld publication-order list","","","individual UK edition not checked; no audio destination provided"
"Making Money","Discworld","36","Terry Pratchett","https://www.terrypratchettbooks.com/book-series/discworld/","https://uk.bookshop.org/beta-search?keywords=Making%20Money%20Terry%20Pratchett","","not individually checked","41-novel official Discworld publication-order list","","","individual UK edition not checked; no audio destination provided"
"Unseen Academicals","Discworld","37","Terry Pratchett","https://www.terrypratchettbooks.com/book-series/discworld/","https://uk.bookshop.org/beta-search?keywords=Unseen%20Academicals%20Terry%20Pratchett","","not individually checked","41-novel official Discworld publication-order list","","","individual UK edition not checked; no audio destination provided"
"I Shall Wear Midnight","Discworld","38","Terry Pratchett","https://www.terrypratchettbooks.com/book-series/discworld/","https://uk.bookshop.org/beta-search?keywords=I%20Shall%20Wear%20Midnight%20Terry%20Pratchett","","not individually checked","41-novel official Discworld publication-order list","","","individual UK edition not checked; no audio destination provided"
"Snuff","Discworld","39","Terry Pratchett","https://www.terrypratchettbooks.com/book-series/discworld/","https://uk.bookshop.org/beta-search?keywords=Snuff%20Terry%20Pratchett","","not individually checked","41-novel official Discworld publication-order list","","","individual UK edition not checked; no audio destination provided"
"Raising Steam","Discworld","40","Terry Pratchett","https://www.terrypratchettbooks.com/book-series/discworld/","https://uk.bookshop.org/beta-search?keywords=Raising%20Steam%20Terry%20Pratchett","","not individually checked","41-novel official Discworld publication-order list","","","individual UK edition not checked; no audio destination provided"
"The Shepherd's Crown","Discworld","41","Terry Pratchett","https://www.terrypratchettbooks.com/book-series/discworld/","https://uk.bookshop.org/beta-search?keywords=The%20Shepherd's%20Crown%20Terry%20Pratchett","","not individually checked","41-novel official Discworld publication-order list","","","individual UK edition not checked; no audio destination provided"
"The Carpet People","Standalone","","Terry Pratchett","https://terrypratchett.com/books/","https://uk.bookshop.org/beta-search?keywords=The%20Carpet%20People%20Terry%20Pratchett","","not individually checked","selected other works; this CSV is not an exhaustive all-editions bibliography","","","individual UK edition not checked; no audio destination provided"
"The Dark Side of the Sun","Standalone","","Terry Pratchett","https://terrypratchett.com/books/","https://uk.bookshop.org/beta-search?keywords=The%20Dark%20Side%20of%20the%20Sun%20Terry%20Pratchett","","not individually checked","selected other works; this CSV is not an exhaustive all-editions bibliography","","","individual UK edition not checked; no audio destination provided"
"Strata","Standalone","","Terry Pratchett","https://terrypratchett.com/books/","https://uk.bookshop.org/beta-search?keywords=Strata%20Terry%20Pratchett","","not individually checked","selected other works; this CSV is not an exhaustive all-editions bibliography","","","individual UK edition not checked; no audio destination provided"
"Good Omens","Collaboration","","Terry Pratchett; Neil Gaiman","https://terrypratchett.com/books/","https://uk.bookshop.org/beta-search?keywords=Good%20Omens%20Terry%20Pratchett","","not individually checked","selected other works; this CSV is not an exhaustive all-editions bibliography","","","individual UK edition not checked; no audio destination provided"
"Truckers","Bromeliad","","Terry Pratchett","https://terrypratchett.com/books/","https://uk.bookshop.org/beta-search?keywords=Truckers%20Terry%20Pratchett","","not individually checked","selected other works; this CSV is not an exhaustive all-editions bibliography","","","individual UK edition not checked; no audio destination provided"
"Diggers","Bromeliad","","Terry Pratchett","https://terrypratchett.com/books/","https://uk.bookshop.org/beta-search?keywords=Diggers%20Terry%20Pratchett","","not individually checked","selected other works; this CSV is not an exhaustive all-editions bibliography","","","individual UK edition not checked; no audio destination provided"
"Wings","Bromeliad","","Terry Pratchett","https://terrypratchett.com/books/","https://uk.bookshop.org/beta-search?keywords=Wings%20Terry%20Pratchett","","not individually checked","selected other works; this CSV is not an exhaustive all-editions bibliography","","","individual UK edition not checked; no audio destination provided"
"Only You Can Save Mankind","Johnny Maxwell","","Terry Pratchett","https://terrypratchett.com/books/","https://uk.bookshop.org/beta-search?keywords=Only%20You%20Can%20Save%20Mankind%20Terry%20Pratchett","","not individually checked","selected other works; this CSV is not an exhaustive all-editions bibliography","","","individual UK edition not checked; no audio destination provided"
"Johnny and the Dead","Johnny Maxwell","","Terry Pratchett","https://terrypratchett.com/books/","https://uk.bookshop.org/beta-search?keywords=Johnny%20and%20the%20Dead%20Terry%20Pratchett","","not individually checked","selected other works; this CSV is not an exhaustive all-editions bibliography","","","individual UK edition not checked; no audio destination provided"
"Johnny and the Bomb","Johnny Maxwell","","Terry Pratchett","https://terrypratchett.com/books/","https://uk.bookshop.org/beta-search?keywords=Johnny%20and%20the%20Bomb%20Terry%20Pratchett","","not individually checked","selected other works; this CSV is not an exhaustive all-editions bibliography","","","individual UK edition not checked; no audio destination provided"
"Nation","Standalone","","Terry Pratchett","https://terrypratchett.com/books/","https://uk.bookshop.org/beta-search?keywords=Nation%20Terry%20Pratchett","","not individually checked","selected other works; this CSV is not an exhaustive all-editions bibliography","","","individual UK edition not checked; no audio destination provided"
"Dodger","Standalone","","Terry Pratchett","https://terrypratchett.com/books/","https://uk.bookshop.org/beta-search?keywords=Dodger%20Terry%20Pratchett","","not individually checked","selected other works; this CSV is not an exhaustive all-editions bibliography","","","individual UK edition not checked; no audio destination provided"
"The Long Earth","Long Earth","","Terry Pratchett; Stephen Baxter","https://terrypratchett.com/books/","https://uk.bookshop.org/beta-search?keywords=The%20Long%20Earth%20Terry%20Pratchett","","not individually checked","selected other works; this CSV is not an exhaustive all-editions bibliography","","","individual UK edition not checked; no audio destination provided"
"The Long War","Long Earth","","Terry Pratchett; Stephen Baxter","https://terrypratchett.com/books/","https://uk.bookshop.org/beta-search?keywords=The%20Long%20War%20Terry%20Pratchett","","not individually checked","selected other works; this CSV is not an exhaustive all-editions bibliography","","","individual UK edition not checked; no audio destination provided"
"The Long Mars","Long Earth","","Terry Pratchett; Stephen Baxter","https://terrypratchett.com/books/","https://uk.bookshop.org/beta-search?keywords=The%20Long%20Mars%20Terry%20Pratchett","","not individually checked","selected other works; this CSV is not an exhaustive all-editions bibliography","","","individual UK edition not checked; no audio destination provided"
"The Long Utopia","Long Earth","","Terry Pratchett; Stephen Baxter","https://terrypratchett.com/books/","https://uk.bookshop.org/beta-search?keywords=The%20Long%20Utopia%20Terry%20Pratchett","","not individually checked","selected other works; this CSV is not an exhaustive all-editions bibliography","","","individual UK edition not checked; no audio destination provided"
"The Long Cosmos","Long Earth","","Terry Pratchett; Stephen Baxter","https://terrypratchett.com/books/","https://uk.bookshop.org/beta-search?keywords=The%20Long%20Cosmos%20Terry%20Pratchett","","not individually checked","selected other works; this CSV is not an exhaustive all-editions bibliography","","","individual UK edition not checked; no audio destination provided"
"A Blink of the Screen","Short stories collection","","Terry Pratchett","https://terrypratchett.com/books/","https://uk.bookshop.org/beta-search?keywords=A%20Blink%20of%20the%20Screen%20Terry%20Pratchett","","not individually checked","selected other works; this CSV is not an exhaustive all-editions bibliography","","","individual UK edition not checked; no audio destination provided"
"A Slip of the Keyboard","Collected non-fiction","","Terry Pratchett","https://terrypratchett.com/books/","https://uk.bookshop.org/beta-search?keywords=A%20Slip%20of%20the%20Keyboard%20Terry%20Pratchett","","not individually checked","selected other works; this CSV is not an exhaustive all-editions bibliography","","","individual UK edition not checked; no audio destination provided"
"A Stroke of the Pen","Short stories collection","","Terry Pratchett","https://terrypratchett.com/books/","https://uk.bookshop.org/beta-search?keywords=A%20Stroke%20of%20the%20Pen%20Terry%20Pratchett","","not individually checked","selected other works; this CSV is not an exhaustive all-editions bibliography","","","individual UK edition not checked; no audio destination provided"
"Dragons at Crumbling Castle","Children's short stories","","Terry Pratchett","https://terrypratchett.com/books/","https://uk.bookshop.org/beta-search?keywords=Dragons%20at%20Crumbling%20Castle%20Terry%20Pratchett","","not individually checked","selected other works; this CSV is not an exhaustive all-editions bibliography","","","individual UK edition not checked; no audio destination provided"
"The Unadulterated Cat","Humour / illustrated","","Terry Pratchett; Gray Jolliffe (illustrator)","https://terrypratchett.com/books/","https://uk.bookshop.org/beta-search?keywords=The%20Unadulterated%20Cat%20Terry%20Pratchett","","not individually checked","selected other works; this CSV is not an exhaustive all-editions bibliography","","","individual UK edition not checked; no audio destination provided"
"The Folklore of Discworld","Companion / collaboration","","Terry Pratchett; Jacqueline Simpson","https://terrypratchett.com/books/","https://uk.bookshop.org/beta-search?keywords=The%20Folklore%20of%20Discworld%20Terry%20Pratchett","","not individually checked","selected other works; this CSV is not an exhaustive all-editions bibliography","","","individual UK edition not checked; no audio destination provided"
