"series","publication_order","title","author","bookshop_search_url","catalogue_source_url","link_kind","affiliate_status","note"
"Discworld","1","The Colour of Magic","Terry Pratchett","https://uk.bookshop.org/beta-search?keywords=Terry%20Pratchett%20The%20Colour%20of%20Magic","https://www.terrypratchettbooks.com/book-series/discworld/","search","not verified","Publication order, not publication year; find an exact edition and verify attribution before affiliate use"
"Discworld","2","The Light Fantastic","Terry Pratchett","https://uk.bookshop.org/beta-search?keywords=Terry%20Pratchett%20The%20Light%20Fantastic","https://www.terrypratchettbooks.com/book-series/discworld/","search","not verified","Publication order, not publication year; find an exact edition and verify attribution before affiliate use"
"Discworld","3","Equal Rites","Terry Pratchett","https://uk.bookshop.org/beta-search?keywords=Terry%20Pratchett%20Equal%20Rites","https://www.terrypratchettbooks.com/book-series/discworld/","search","not verified","Publication order, not publication year; find an exact edition and verify attribution before affiliate use"
"Discworld","4","Mort","Terry Pratchett","https://uk.bookshop.org/beta-search?keywords=Terry%20Pratchett%20Mort","https://www.terrypratchettbooks.com/book-series/discworld/","search","not verified","Publication order, not publication year; find an exact edition and verify attribution before affiliate use"
"Discworld","5","Sourcery","Terry Pratchett","https://uk.bookshop.org/beta-search?keywords=Terry%20Pratchett%20Sourcery","https://www.terrypratchettbooks.com/book-series/discworld/","search","not verified","Publication order, not publication year; find an exact edition and verify attribution before affiliate use"
"Discworld","6","Wyrd Sisters","Terry Pratchett","https://uk.bookshop.org/beta-search?keywords=Terry%20Pratchett%20Wyrd%20Sisters","https://www.terrypratchettbooks.com/book-series/discworld/","search","not verified","Publication order, not publication year; find an exact edition and verify attribution before affiliate use"
"Discworld","7","Pyramids","Terry Pratchett","https://uk.bookshop.org/beta-search?keywords=Terry%20Pratchett%20Pyramids","https://www.terrypratchettbooks.com/book-series/discworld/","search","not verified","Publication order, not publication year; find an exact edition and verify attribution before affiliate use"
"Discworld","8","Guards! Guards!","Terry Pratchett","https://uk.bookshop.org/beta-search?keywords=Terry%20Pratchett%20Guards!%20Guards!","https://www.terrypratchettbooks.com/book-series/discworld/","search","not verified","Publication order, not publication year; find an exact edition and verify attribution before affiliate use"
"Discworld","9","Eric","Terry Pratchett","https://uk.bookshop.org/beta-search?keywords=Terry%20Pratchett%20Eric","https://www.terrypratchettbooks.com/book-series/discworld/","search","not verified","Publication order, not publication year; find an exact edition and verify attribution before affiliate use"
"Discworld","10","Moving Pictures","Terry Pratchett","https://uk.bookshop.org/beta-search?keywords=Terry%20Pratchett%20Moving%20Pictures","https://www.terrypratchettbooks.com/book-series/discworld/","search","not verified","Publication order, not publication year; find an exact edition and verify attribution before affiliate use"
"Discworld","11","Reaper Man","Terry Pratchett","https://uk.bookshop.org/beta-search?keywords=Terry%20Pratchett%20Reaper%20Man","https://www.terrypratchettbooks.com/book-series/discworld/","search","not verified","Publication order, not publication year; find an exact edition and verify attribution before affiliate use"
"Discworld","12","Witches Abroad","Terry Pratchett","https://uk.bookshop.org/beta-search?keywords=Terry%20Pratchett%20Witches%20Abroad","https://www.terrypratchettbooks.com/book-series/discworld/","search","not verified","Publication order, not publication year; find an exact edition and verify attribution before affiliate use"
"Discworld","13","Small Gods","Terry Pratchett","https://uk.bookshop.org/beta-search?keywords=Terry%20Pratchett%20Small%20Gods","https://www.terrypratchettbooks.com/book-series/discworld/","search","not verified","Publication order, not publication year; find an exact edition and verify attribution before affiliate use"
"Discworld","14","Lords and Ladies","Terry Pratchett","https://uk.bookshop.org/beta-search?keywords=Terry%20Pratchett%20Lords%20and%20Ladies","https://www.terrypratchettbooks.com/book-series/discworld/","search","not verified","Publication order, not publication year; find an exact edition and verify attribution before affiliate use"
"Discworld","15","Men at Arms","Terry Pratchett","https://uk.bookshop.org/beta-search?keywords=Terry%20Pratchett%20Men%20at%20Arms","https://www.terrypratchettbooks.com/book-series/discworld/","search","not verified","Publication order, not publication year; find an exact edition and verify attribution before affiliate use"
"Discworld","16","Soul Music","Terry Pratchett","https://uk.bookshop.org/beta-search?keywords=Terry%20Pratchett%20Soul%20Music","https://www.terrypratchettbooks.com/book-series/discworld/","search","not verified","Publication order, not publication year; find an exact edition and verify attribution before affiliate use"
"Discworld","17","Interesting Times","Terry Pratchett","https://uk.bookshop.org/beta-search?keywords=Terry%20Pratchett%20Interesting%20Times","https://www.terrypratchettbooks.com/book-series/discworld/","search","not verified","Publication order, not publication year; find an exact edition and verify attribution before affiliate use"
"Discworld","18","Maskerade","Terry Pratchett","https://uk.bookshop.org/beta-search?keywords=Terry%20Pratchett%20Maskerade","https://www.terrypratchettbooks.com/book-series/discworld/","search","not verified","Publication order, not publication year; find an exact edition and verify attribution before affiliate use"
"Discworld","19","Feet of Clay","Terry Pratchett","https://uk.bookshop.org/beta-search?keywords=Terry%20Pratchett%20Feet%20of%20Clay","https://www.terrypratchettbooks.com/book-series/discworld/","search","not verified","Publication order, not publication year; find an exact edition and verify attribution before affiliate use"
"Discworld","20","Hogfather","Terry Pratchett","https://uk.bookshop.org/beta-search?keywords=Terry%20Pratchett%20Hogfather","https://www.terrypratchettbooks.com/book-series/discworld/","search","not verified","Publication order, not publication year; find an exact edition and verify attribution before affiliate use"
"Discworld","21","Jingo","Terry Pratchett","https://uk.bookshop.org/beta-search?keywords=Terry%20Pratchett%20Jingo","https://www.terrypratchettbooks.com/book-series/discworld/","search","not verified","Publication order, not publication year; find an exact edition and verify attribution before affiliate use"
"Discworld","22","The Last Continent","Terry Pratchett","https://uk.bookshop.org/beta-search?keywords=Terry%20Pratchett%20The%20Last%20Continent","https://www.terrypratchettbooks.com/book-series/discworld/","search","not verified","Publication order, not publication year; find an exact edition and verify attribution before affiliate use"
"Discworld","23","Carpe Jugulum","Terry Pratchett","https://uk.bookshop.org/beta-search?keywords=Terry%20Pratchett%20Carpe%20Jugulum","https://www.terrypratchettbooks.com/book-series/discworld/","search","not verified","Publication order, not publication year; find an exact edition and verify attribution before affiliate use"
"Discworld","24","The Fifth Elephant","Terry Pratchett","https://uk.bookshop.org/beta-search?keywords=Terry%20Pratchett%20The%20Fifth%20Elephant","https://www.terrypratchettbooks.com/book-series/discworld/","search","not verified","Publication order, not publication year; find an exact edition and verify attribution before affiliate use"
"Discworld","25","The Truth","Terry Pratchett","https://uk.bookshop.org/beta-search?keywords=Terry%20Pratchett%20The%20Truth","https://www.terrypratchettbooks.com/book-series/discworld/","search","not verified","Publication order, not publication year; find an exact edition and verify attribution before affiliate use"
"Discworld","26","Thief of Time","Terry Pratchett","https://uk.bookshop.org/beta-search?keywords=Terry%20Pratchett%20Thief%20of%20Time","https://www.terrypratchettbooks.com/book-series/discworld/","search","not verified","Publication order, not publication year; find an exact edition and verify attribution before affiliate use"
"Discworld","27","The Last Hero","Terry Pratchett","https://uk.bookshop.org/beta-search?keywords=Terry%20Pratchett%20The%20Last%20Hero","https://www.terrypratchettbooks.com/book-series/discworld/","search","not verified","Publication order, not publication year; find an exact edition and verify attribution before affiliate use"
"Discworld","28","The Amazing Maurice and His Educated Rodents","Terry Pratchett","https://uk.bookshop.org/beta-search?keywords=Terry%20Pratchett%20The%20Amazing%20Maurice%20and%20His%20Educated%20Rodents","https://www.terrypratchettbooks.com/book-series/discworld/","search","not verified","Publication order, not publication year; find an exact edition and verify attribution before affiliate use"
"Discworld","29","Night Watch","Terry Pratchett","https://uk.bookshop.org/beta-search?keywords=Terry%20Pratchett%20Night%20Watch","https://www.terrypratchettbooks.com/book-series/discworld/","search","not verified","Publication order, not publication year; find an exact edition and verify attribution before affiliate use"
"Discworld","30","The Wee Free Men","Terry Pratchett","https://uk.bookshop.org/beta-search?keywords=Terry%20Pratchett%20The%20Wee%20Free%20Men","https://www.terrypratchettbooks.com/book-series/discworld/","search","not verified","Publication order, not publication year; find an exact edition and verify attribution before affiliate use"
"Discworld","31","Monstrous Regiment","Terry Pratchett","https://uk.bookshop.org/beta-search?keywords=Terry%20Pratchett%20Monstrous%20Regiment","https://www.terrypratchettbooks.com/book-series/discworld/","search","not verified","Publication order, not publication year; find an exact edition and verify attribution before affiliate use"
"Discworld","32","A Hat Full of Sky","Terry Pratchett","https://uk.bookshop.org/beta-search?keywords=Terry%20Pratchett%20A%20Hat%20Full%20of%20Sky","https://www.terrypratchettbooks.com/book-series/discworld/","search","not verified","Publication order, not publication year; find an exact edition and verify attribution before affiliate use"
"Discworld","33","Going Postal","Terry Pratchett","https://uk.bookshop.org/beta-search?keywords=Terry%20Pratchett%20Going%20Postal","https://www.terrypratchettbooks.com/book-series/discworld/","search","not verified","Publication order, not publication year; find an exact edition and verify attribution before affiliate use"
"Discworld","34","Thud!","Terry Pratchett","https://uk.bookshop.org/beta-search?keywords=Terry%20Pratchett%20Thud!","https://www.terrypratchettbooks.com/book-series/discworld/","search","not verified","Publication order, not publication year; find an exact edition and verify attribution before affiliate use"
"Discworld","35","Wintersmith","Terry Pratchett","https://uk.bookshop.org/beta-search?keywords=Terry%20Pratchett%20Wintersmith","https://www.terrypratchettbooks.com/book-series/discworld/","search","not verified","Publication order, not publication year; find an exact edition and verify attribution before affiliate use"
"Discworld","36","Making Money","Terry Pratchett","https://uk.bookshop.org/beta-search?keywords=Terry%20Pratchett%20Making%20Money","https://www.terrypratchettbooks.com/book-series/discworld/","search","not verified","Publication order, not publication year; find an exact edition and verify attribution before affiliate use"
"Discworld","37","Unseen Academicals","Terry Pratchett","https://uk.bookshop.org/beta-search?keywords=Terry%20Pratchett%20Unseen%20Academicals","https://www.terrypratchettbooks.com/book-series/discworld/","search","not verified","Publication order, not publication year; find an exact edition and verify attribution before affiliate use"
"Discworld","38","I Shall Wear Midnight","Terry Pratchett","https://uk.bookshop.org/beta-search?keywords=Terry%20Pratchett%20I%20Shall%20Wear%20Midnight","https://www.terrypratchettbooks.com/book-series/discworld/","search","not verified","Publication order, not publication year; find an exact edition and verify attribution before affiliate use"
"Discworld","39","Snuff","Terry Pratchett","https://uk.bookshop.org/beta-search?keywords=Terry%20Pratchett%20Snuff","https://www.terrypratchettbooks.com/book-series/discworld/","search","not verified","Publication order, not publication year; find an exact edition and verify attribution before affiliate use"
"Discworld","40","Raising Steam","Terry Pratchett","https://uk.bookshop.org/beta-search?keywords=Terry%20Pratchett%20Raising%20Steam","https://www.terrypratchettbooks.com/book-series/discworld/","search","not verified","Publication order, not publication year; find an exact edition and verify attribution before affiliate use"
"Discworld","41","The Shepherd's Crown","Terry Pratchett","https://uk.bookshop.org/beta-search?keywords=Terry%20Pratchett%20The%20Shepherd's%20Crown","https://www.terrypratchettbooks.com/book-series/discworld/","search","not verified","Publication order, not publication year; find an exact edition and verify attribution before affiliate use"
"Other and collaborative","","The Carpet People","Terry Pratchett","https://uk.bookshop.org/beta-search?keywords=Terry%20Pratchett%20The%20Carpet%20People","https://www.terrypratchettbooks.com/all-books/","search","not verified","Selection, not a complete bibliography; search destination is not an individual product page"
"Other and collaborative","","The Dark Side of the Sun","Terry Pratchett","https://uk.bookshop.org/beta-search?keywords=Terry%20Pratchett%20The%20Dark%20Side%20of%20the%20Sun","https://www.terrypratchettbooks.com/all-books/","search","not verified","Selection, not a complete bibliography; search destination is not an individual product page"
"Other and collaborative","","Strata","Terry Pratchett","https://uk.bookshop.org/beta-search?keywords=Terry%20Pratchett%20Strata","https://www.terrypratchettbooks.com/all-books/","search","not verified","Selection, not a complete bibliography; search destination is not an individual product page"
"Other and collaborative","","Truckers","Terry Pratchett","https://uk.bookshop.org/beta-search?keywords=Terry%20Pratchett%20Truckers","https://www.terrypratchettbooks.com/all-books/","search","not verified","Selection, not a complete bibliography; search destination is not an individual product page"
"Other and collaborative","","Diggers","Terry Pratchett","https://uk.bookshop.org/beta-search?keywords=Terry%20Pratchett%20Diggers","https://www.terrypratchettbooks.com/all-books/","search","not verified","Selection, not a complete bibliography; search destination is not an individual product page"
"Other and collaborative","","Wings","Terry Pratchett","https://uk.bookshop.org/beta-search?keywords=Terry%20Pratchett%20Wings","https://www.terrypratchettbooks.com/all-books/","search","not verified","Selection, not a complete bibliography; search destination is not an individual product page"
"Other and collaborative","","Good Omens","Terry Pratchett; Neil Gaiman","https://uk.bookshop.org/beta-search?keywords=Terry%20Pratchett%20Good%20Omens","https://www.terrypratchettbooks.com/all-books/","search","not verified","Selection, not a complete bibliography; search destination is not an individual product page"
"Other and collaborative","","Only You Can Save Mankind","Terry Pratchett","https://uk.bookshop.org/beta-search?keywords=Terry%20Pratchett%20Only%20You%20Can%20Save%20Mankind","https://www.terrypratchettbooks.com/all-books/","search","not verified","Selection, not a complete bibliography; search destination is not an individual product page"
"Other and collaborative","","Johnny and the Dead","Terry Pratchett","https://uk.bookshop.org/beta-search?keywords=Terry%20Pratchett%20Johnny%20and%20the%20Dead","https://www.terrypratchettbooks.com/all-books/","search","not verified","Selection, not a complete bibliography; search destination is not an individual product page"
"Other and collaborative","","Johnny and the Bomb","Terry Pratchett","https://uk.bookshop.org/beta-search?keywords=Terry%20Pratchett%20Johnny%20and%20the%20Bomb","https://www.terrypratchettbooks.com/all-books/","search","not verified","Selection, not a complete bibliography; search destination is not an individual product page"
"Other and collaborative","","Nation","Terry Pratchett","https://uk.bookshop.org/beta-search?keywords=Terry%20Pratchett%20Nation","https://www.terrypratchettbooks.com/all-books/","search","not verified","Selection, not a complete bibliography; search destination is not an individual product page"
"Other and collaborative","","Dodger","Terry Pratchett","https://uk.bookshop.org/beta-search?keywords=Terry%20Pratchett%20Dodger","https://www.terrypratchettbooks.com/all-books/","search","not verified","Selection, not a complete bibliography; search destination is not an individual product page"
"Other and collaborative","","Where's My Cow?","Terry Pratchett","https://uk.bookshop.org/beta-search?keywords=Terry%20Pratchett%20Where's%20My%20Cow%3F","https://www.terrypratchettbooks.com/all-books/","search","not verified","Selection, not a complete bibliography; search destination is not an individual product page"
